9,3.2,3.4,0.5,11.7,4.2,51.3,19.1,86.83344435,18.98669956,209,54.7
30.4,4.9,4.1,0.7,16,5.4,60.1,21.7,87.81641921,18.55285315,183,43.9
4.8,1,2.8,0.3,12.7,5.1,72.7,28.3,109.0420216,25.56061716,232,54.2
16.3,7,9.8,1.2,42.8,11.3,117,38.6,142.6549417,29.48443308,218,51.8
33.8,3.8,4.2,0.3,27.4,8.9,103,39.1,153.5671685,34.10437501,314,73.4
50.9,7.8,10.3,0.8,70.9,23.4,289,103,355.3269846,78.56886186,640,133
57.4,7.7,15.3,1.2,90,30.2,365,124,434.3769967,96.19397019,731,152
5.7,0.8,1.3,0.2,11.1,3.8,50.9,22.2,87.11022028,20.75757963,198,48.7
25.2,3.9,5.5,0.6,29.8,11.9,159,62.7,237.4542453,54.35251095,520,122
9.59,0.25,0.57,0.082,3.64,1.25,15.34,6.21,33.44,7.5,83.3,21.3
6.03,0.16,0.46,0.053,3.33,1.248,16.38,7.26,38.72,8.79,97.3,26
14.02,0.44,0.97,0.13,6.5,2.45,33.02,13.54,69.52,15.18,167.3,40.6
15.52,1.84,1.48,0.23,8.58,2.9,36.66,14.43,72.16,15.46,169.8,41.4
2.6,0.24,0.42,0.16,3.3,1.1,11.96,4.032,18.17,3.7,37.8,9.4
2.54,0.28,0.55,0.24,3.64,1.1,12.25,4.13,18.48,3.7,38.8,9.4
2.57,0.26,0.59,0.8,3.64,1.18,13.52,4.83,21.38,4.54,47.6,11.5
15.3,1,0.83,0.17,4.86,1.69,21.6,8.42,46.2,11,127,33.8
5.12,0.27,0.65,0.086,4.16,1.68,21.1,9.82,51.5,12.3,145,37.9
10.6,0.5,0.94,0.103,8.06,2.95,37.7,15.7,85.8,20.6,233,66.8
11,0.43,0.99,0.115,8.58,3.29,40.8,17.3,92.8,21.5,247,67.6
9.98,0.46,0.87,0.101,7.28,2.57,34.1,14.4,77.9,18.7,218,59.4
12.2,0.48,1.1,0.125,7.41,2.54,32.5,13.8,74.4,17.9,208,58.3
5.78,0.61,1.2,0.326,7.33,2.3,27.8,11.3,58.1,12.6,134,35.5
1.82,0.15,0.32,0.084,1.95,0.67,8.71,3.46,19.5,4.42,58.7,16.6
5.33,0.63,0.89,0.26,8.06,2.64,28.6,9.44,40.8,8.12,79.1,17.9
16.9,1.87,1.83,0.26,10.7,3.74,47.3,18.7,99,23.3,269,69.9
5.3,0.36,0.68,0.14,4.16,1.34,16.6,6.62,33.7,7.34,81.2,20.8
5.99,0.42,0.93,0.21,6.76,2.21,26.5,10.6,52.8,11,117,30.8
0.543,0.032,0.1,0.038,0.62,2.9,4.55,2.36,15,4.26,56.7,19.1
8.56,0.56,1.16,0.28,10.3,3.72,47.3,19.1,99,21.7,242,62.9
18.5,0.39,0.95,0.11,7.33,2.57,32.5,13.3,67.8,14.4,155,39.7
6.1,0.31,0.74,0.089,7.8,3.02,40.8,16.2,85.8,19.5,215,55.7
7.28,0.41,122,0.106,8.58,3.17,41.1,16.5,85.4,19.2,223,55.6
6.74,0.29,0.86,0.086,8.58,3.29,44.2,17.8,93.7,21.4,242,62.1
3.75,0.24,0.42,0.144,4.16,1.58,21.1,8.58,46.3,10.6,122,32.5
4.39,0.29,0.57,0.185,4.16,1.54,20.4,8.45,46.1,10.6,123,32.5
3,0.12,0.29,0.072,1.82,0.7,10.1,4.32,24.2,5.71,68.6,18.2
5.78,0.29,0.57,0.161,3.38,0.96,11.2,4.48,21.9,4.93,53.9,13.8
7.6,1.22,1.6,0.43,8.97,2.83,32.4,13.4,69.1,15.6,177,49
33.9,4.3,2.53,0.65,7.54,2.3,24.7,8.93,44.9,11.5,130,37.4
6.31,0.36,0.53,0.19,3.58,1.3,15.6,6.34,32.7,7.45,81,22.5
29.3,2.1,3.51,0.41,16.5,7.2,97.5,36.8,187.3,41.3,348.6,75.8
26.54,9.68,14.8,1.31,79.9,29.2,364,132,589.9,112,843.2,169.7
18.16,3.02,4.34,0.44,23.9,8.4,113.3,42.4,199.2,41.8,338.6,71.1
20.25,3.36,2.61,0.35,12.4,4,44,16,75.3,16.5,127.3,31
16.45,2.53,2.51,0.53,13.3,5,70.7,28.2,156.9,36.8,315.2,66.2
8.39,4.14,8.58,1.28,52.7,16.7,181.7,57,234.7,44.5,324.1,68.7
4.93,0.79,1.24,0.17,8.1,3.1,38.7,14.5,72.4,15.3,133.5,29.9
6.88,1.96,2.54,0.9,11.7,3.8,48.3,19.1,105.8,24.9,235,57.9
2.3,0.83,1.04,0.68,5.3,2.3,30.5,12.8,70.1,17.8,171,45.8
1.36,0.35,0.31,0.19,1.2,0.7,8.2,3.8,22.4,6.1,65.2,18.7
19.43,2.77,3.93,0.45,19,6.7,76.7,27.6,133,26.8,222.5,49.2
17.78,3.94,7.48,0.33,33.2,11.2,128.6,44.7,202.7,42,342.4,76.5
9.99,0.76,1.2,0.14,5.1,2.2,29.5,11.5,61.1,13.6,117.4,29
6.28,2.74,4.47,0.7,22.2,7.2,88.4,33.2,169.9,35.7,312.3,76.1
22.87,2.56,3.94,0.5,16.6,5.8,70.4,24.6,118,24.6,203.3,47.5
5.5,1.6,3.18,0.53,19,8,104,40.9,204.3,44.9,355.2,80.3
9.84,5.85,12.19,2.68,66.9,22.9,275.6,100.1,457.1,89.8,700.5,144.8
8.61,5.85,8.03,1.4,49,17,209.9,74.1,340,67.7,521.2,112.6
7.68,1,1.5,0.54,8.8,3.6,45.2,18.6,95.2,22.5,192.1,49.8
6.69,1.14,3.4,0.58,21.3,8.1,100.8,37.3,184.1,40.1,336.4,75.9
3.08,0.59,1.87,0.14,5.4,1.9,23.4,8.9,47.1,10.4,87.3,22.3
20.15,4.07,6.73,1.66,36.1,13.8,180.7,72.2,378.8,79.7,674.8,155.2
17.38,2.42,2.85,0.8,18.1,5.5,71.6,27.6,135.2,28.4,243.7,53.8
21.7,2.8,5,0.66,34.9,13.3,167.6,63.4,299.1,59.4,457.1,91
29.06,8.72,9.73,1.52,47.9,17.5,208.7,74.7,349.5,67.7,522.4,109.8
6.34,1.95,3.03,0.78,11.5,3.9,44.5,16.2,79.7,17.2,149.4,33.8
13.38,1.84,2.14,0.26,12.8,4.6,59.7,22.9,107.5,23.5,186.5,45.6
2.79,0.73,1.34,0.18,8.6,3,32,9.2,36.3,6.6,45.4,9.3
13.2,2.04,3.95,0.57,21.5,6.99,84.6,32,150,30.5,282,55.3
3.89,0.27,0.78,0.34,6.96,2.92,38.2,16.5,88.3,20.8,231,49.6
1.87,0.23,0.68,0.29,6.85,2.28,26.8,11.5,61.4,13.3,138,30.7
5.76,1.13,2.58,0.34,16.6,5.5,71.4,25.9,121,26.7,241,49.3
6.9,0.87,1.37,0.7,8.61,2.98,36.8,14,69,14.9,155,33.3
15.1,5.33,4.74,1.25,16.4,4.48,53.9,18.1,89.7,21.3,186,35.1
4.79,0.56,2.82,0.19,20.3,7.36,85.2,30,128,24.7,226,45.1
4.71,1.22,1.26,0.31,8.46,2.81,32,9.06,38.7,6.77,54.4,11.2
21.63118922,3.215082897,9.348054346,0.947525949,19.13501478,7.476907176,68.04493537,26.39998278,87.43178251,19.0425764,158.6894914,33.62983739
10.59733638,1.211736186,2.323033152,0.717460536,10.24357377,4.29473605,37.32531146,15.78018441,72.88760455,17.59216431,131.7248448,30.47330118
8.637848762,0.342897363,0.605105729,0.120993253,4.915765289,1.596124365,21.63563536,9.324243443,45.05697161,11.18370297,98.62488921,25.66101795
26.27946286,2.192682569,3.380727696,0.536975294,20.97951369,6.296115178,73.4820738,29.17530271,122.9537756,26.63767308,233.7620845,52.5480785
29.48277291,3.578307803,5.535213736,0.434119783,30.99464361,10.07869976,118.3341347,48.89499666,202.5886463,44.18724112,373.5944199,80.81270619
2.129076528,1.259110325,2.893458816,0.405127112,14.97539305,6.376397612,90.06838667,47.25250204,260.0504483,67.18938989,648.6533853,158.2732505
10.28114115,0.751716125,1.122652212,0.174156668,8.201027262,3.389841774,41.25004225,19.53452655,96.59494959,22.76737821,207.7073366,46.68449684
12.06349544,0.670162017,1.294004392,0.175915827,7.838091459,2.76298841,34.81353224,14.94115423,68.40709953,15.54033561,131.5601598,30.03640944
14.34577836,1.283590741,2.576191392,0.383496502,16.04749678,5.960169146,69.53310083,27.92821907,131.3141308,28.80318066,243.4168613,54.83391025
8.727015166,1.27649908,2.014865286,0.31488933,8.935643426,3.099469269,35.23636866,14.64346005,66.34457392,14.1522012,130.9700004,31.8991325
11.4114146,0.808449417,1.423995701,0.401088085,10.43550674,3.860018087,44.25687904,18.75095061,82.15727029,18.11088775,155.5721118,36.43951998
7.716289873,0.663779521,1.264460913,0.063153782,10.10705116,4.488723683,58.25746286,27.44799305,124.7827996,27.81809155,249.9343145,54.36822949
20.323186,0.765899448,2.540739217,0.2234131,11.60302751,4.008018492,46.55898846,18.15762228,82.50102456,17.81661207,154.9764899,33.17975461
9.871382202,1.150425047,2.675740193,0.275622627,19.20369015,8.53896931,106.6388255,45.64318955,208.15412,45.01444863,368.2446673,85.11516734
20.47274497,5.391835869,6.394834163,0.65754006,35.92277309,15.54644847,192.1420279,81.33852873,367.8124239,79.11083192,666.7668365,149.4491695
9.843045337,3.576501478,5.707138285,0.587344686,27.30750566,10.11222217,112.8463584,43.97579003,177.1448323,37.06190328,304.8117474,61.20166056
58.09,12.09,18.08,1.47,103.7,35.3,423.5,149,649.1,119.3,859.8,171.4
13.74,1.09,2.54,0.19,15.1,5.5,67.9,25.4,121.6,24.1,198.2,41.7
18.05,4.1,3.42,0.47,16.4,6.2,76.5,27.4,129,26.8,202.6,42.5
39.31,10.07,10.08,1.19,38.2,13.3,155.5,53.6,234.7,45.9,347.8,69.1
5.7,0.8,1.3,0.2,11.1,3.8,50.9,22.2,87.11022028,20.75757963,198,48.7
25.2,3.9,5.5,0.6,29.8,11.9,159,62.7,237.4542453,54.35251095,520,122
4.4,0.3,1.8,0.3,11.1,3.9,49.3,20.3,86.59716383,21.29103637,179,43
14.68,1.59,5.19,0.24,31,12.7,175.4,69.7,342.8,73.3,601.7,134.2
7.03,0.5,1.72,0.27,11.8,5,65.2,26.4,129.9,28.3,228.7,52.2
6.92,0.74,1.72,0.12,13.1,5.6,80.9,34.3,178.2,39.5,322.1,75.2
12.55,0.63,2.35,0.69,11.4,4.9,69.5,29.1,166.8,39.9,366.5,87
2.39,1.18,0.88,0.17,5.2,2.4,36.4,16.7,92.6,22.1,195.4,48.4
16.57,1.29,2.23,0.33,10.9,4.1,50.4,19.5,100.5,20.8,185.8,39.7
14.46,3.57,3.8,1.01,21.3,7.9,101.9,40,202.2,43.4,380.5,88.5
3.9,0.56,1.44,0.43,8.5,2.9,29.2,9.1,40.6,7.4,62.5,13.7
9.86,2,2.24,0.48,15.1,6.6,93.1,39.4,203.9,44.7,383.5,89.8
6.69,0.69,1.2,0.35,7,2.4,33.9,12.8,62.7,14.5,123.2,29.9
6.19,1.08,1.07,0.2,5.7,2.4,29.3,11.4,58.7,12.5,111.2,26.7
5.85,0.52,2.89,0.37,12.1,5.6,80.5,34.5,177.3,38.9,343.7,82
6.02,1.99,2.71,0.29,13.9,4.3,43.7,13.3,53.2,9.7,75,16.6
6.39,1.23,1.75,0.13,8.3,3.5,51.4,21.5,115.7,27.3,250.5,55.2
9.29,1.25,2.2,0.5,13.4,4.4,56.2,21,102.8,21.8,185.8,43.3
12.36,1.55,3.28,0.77,20.4,7.9,100.7,38.5,183.5,39.7,313.8,71.2
7.53,1.9,3.74,0.72,25.4,10.1,126.7,48.9,236.1,50.1,410.8,92.9
9,3.2,3.4,0.5,11.7,4.2,51.3,19.1,86.83344435,18.98669956,209,54.7
16.3,0.8,1.3,2,11.1,3.8,50.9,22.2,87.11022028,20.75757963,198,48.7
30.4,4.9,4.1,0.7,16,5.4,60.1,21.7,87.81641921,18.55285315,183,43.9
11.8,1.1,3.4,0.2,21.1,8,108,42.8,171.3906102,41.07114492,359,86.7
4.8,1,2.8,0.3,12.7,5.1,72.7,28.3,109.0420216,25.56061716,232,54.2
16.3,7,9.8,1.2,42.8,11.3,117,38.6,142.6549417,29.48443308,218,51.8
33.8,3.8,4.2,0.3,27.4,8.9,103,39.1,153.5671685,34.10437501,314,73.4
27.66555027,5.439509733,4.234167354,0.694733454,10.03743487,3.579098006,39.0208435,14.22995577,61.5644939,13.4752318,123.5377491,27.64629214
11.5750665,0.586388528,0.824777764,0.249391496,5.815055913,2.415885272,28.68787222,11.84940505,57.90368959,12.27778555,113.1066012,27.80233293
2.32,0.78,1.17,0.244,6.6,2.63,38,14.5,73,17.7,225,27
2.617,0.798,1.81,0.186,11.86,4.695,61.33,20.69,98.7,23.7,286.2,32.01
6.26,2.429,4.76,0.448,22.12,8.29,108.4,37,174.8,41.29,456,53.64
20.2,5.61,2.67,0.243,14.89,5.39,74,26.36,128.2,31.48,365.8,43.75
13.79,4.46,4.73,1.013,23.12,7.74,96.2,32.56,155.2,38.25,427.3,55.36
7.05,1.98,0.992,0.155,5.77,2.42,33.1,11.76,59.4,15.42,210.1,23.47
17.46,5.72,5.99,0.497,26.89,9.16,111.7,37.2,172.4,40.05,428.4,49.9
5.78,1.711,1.601,0.184,9.68,3.56,47.2,16.23,77.1,18.97,232.7,25.48
17.16,6.05,9.27,1.376,43.2,14.3,170.6,56,251.2,56.82,586,70.9
14.05,6.48,7.64,1.668,28.77,9.44,112.2,37.21,171.1,40.16,432.6,52.9
5.32,1.88,2.17,0.342,12.02,4.48,58.8,19.92,96,23.25,264.8,30.13
11.28,3.399,3.309,0.424,19.18,6.91,93.6,32.16,156,38.28,423.5,52.3
5.59,2.128,2.61,0.45,11.36,3.83,46.9,15.8,74.5,18.77,233.3,26.45
8.75,6.02,9.09,1.771,35.5,11.19,125.4,39.9,179.4,41.7,443,53.4
15.35,4.73,4.42,0.329,24.96,9.18,120.4,42.68,206.7,50.28,555,68.4
15.27,5.03,3.57,0.633,17.29,6.24,79,26.46,125.7,31.14,345.3,40.51
5.103,1.376,0.552,0.095,3.85,1.583,22.12,8.07,41.53,10.79,154.6,15.77
14.43,4.48,3.38,0.474,16.68,6.11,77.6,26.69,125.5,30.2,336.2,39.29
3.12,1.183,1.756,0.328,9.85,3.81,49.9,16.89,78.9,19.34,228.9,25.54
12.65,3.73,2.553,0.559,13.91,4.85,61.7,21.57,105.1,27.56,335.2,42.44
8.84,2.65,3,0.274,19.98,8.32,118.2,42,202.9,50.6,556,68.6
34.5,11,5.61,0.575,26.2,9.6,119,41.9,194,46.9,508,58.2
4.36,1.578,1.399,0.347,5.71,1.896,23.91,7.8,37.51,9.42,126.1,13.38
2.28,0.831,1.129,0.275,5.86,2.274,31.44,10.96,53.2,13.71,178.5,20.04
13.27,4.18,3.37,0.333,19.5,7.25,94.6,33.06,157.2,38.7,432.8,53.19
7.22,2.596,3.12,0.657,15.54,5.7,75.9,25.46,119.3,29.14,335,39.99
5.77,2.12,1.97,0.452,9.45,3.18,41.1,14.38,70.7,17.9,225,25.6
11.74,5.67,9.99,1.054,45.6,15.09,175.5,57.5,254.6,58.8,608,74.2
16.07,4.59,2.66,0.791,16.23,5.88,78,26.71,124.9,31.2,368.4,44.09
11.72,3.84,3.78,0.642,20.49,7.35,94.3,32.11,149.4,36.32,408.5,50.1
7.82,2.37,1.21,0.435,6.99,2.82,37.2,13.2,68.3,17.9,245,29.1
15.89,4.68,3.04,0.564,16.43,5.85,75.4,25.69,124.5,32.77,408.2,51.3
5.33,1.652,1.78,0.562,10.97,4.18,57.3,20.66,101.5,26.28,320.2,40.4
3.53,1.414,2.82,0.68,17.09,6.43,85.2,29.03,135,32.35,365.8,44.06
6.32,1.743,0.669,0.1002,3.64,16.15,26.11,10.1,59.1,17.71,272.1,36.3
8.84,2.8,2.67,0.396,19.01,7.97,114.6,41.2,201.1,49.4,553,67.4
7.76,2.711,3.72,0.637,20.7,7.37,90.5,29.38,131.3,31.47,363,42.11
8.06,2.24,0.5,0.227,2.49,8.85,12.65,4.7,26.04,7.71,141.3,16.76
8.02,2.19,0.96,0.091,5.97,2.46,33.7,11.62,57.7,14.41,189.3,20.43
7.77,2.515,2.92,0.236,15.4,5.92,79.3,27.72,131.9,31.86,366,43.2
5.7,2.262,2.96,0.616,14.8,5.35,69.1,23.12,107.9,25.21,296.7,34.58
9.64,2.75,1.407,0.13,8.02,2.96,41.32,14.29,69.2,17.16,225.1,24.49
6.18,2.345,2.84,0.653,12.91,4.266,54.29,18.69,89.1,22.23,274.5,33.18
10.67,3.06,2.67,0.261,19.38,8.09,114.4,40.99,200.2,49.23,573.7,72.9
15.61,8.2,13.28,1.63,55.8,18.2,215.9,72.8,321.5,73,763,96.1
5.92,1.948,2.43,0.183,13.44,5.41,68.5,22.1,100.9,24.5,296,31.6
11.3,3.91,4.58,0.531,25.73,9.73,123.7,42.74,198.8,46.51,515.8,64.5
5.67,1.99,2.215,0.425,10.34,3.424,44.2,15.24,72.4,17.29,225.2,25.71
0.451,0.163,0.255,0.209,1.58,0.551,5.98,1.681,6.05,1.127,48.9,1.219
8.52,2.87,2.14,0.699,8.7,2.829,37.78,13.9,72.4,19.24,257.9,33.99
10.37,3.19,3.2,0.391,18.2,7.37,103.4,37,181.3,44.7,515,67.9
3.621,1.115,0.669,0.317,3.64,1.308,18.21,6.48,34.4,9.29,155.6,18.54
16.07,5.69,5.02,0.848,23.01,8.39,106.1,35.29,159.3,36.54,422.4,50.3
7,2.018,1.142,0.199,7.43,2.92,40.2,14.52,70.6,17.21,234.1,27
16.2,6.1,4.04,0.47,20.7,7.82,102.1,35.4,165.6,39.3,469,56.4
3.432,1.236,1.784,0.348,11.49,4.84,71.3,26.29,131.7,33.61,424.9,55.6
12.36,4.14,4.25,0.643,22.15,7.86,97.8,32.68,144.7,32.36,372.3,45.01
11.9,3.66,2.97,0.528,14.86,5.58,72.4,24.52,113.5,26.89,331.6,40.27
6.82,2.247,1.657,0.539,7.17,2.335,29.69,10.15,48.79,12.05,172.5,21.1
12.8,7.37,11.5,2.12,47.2,15.9,182,56.7,241,50.6,554,67.7
14.41,4.5,2.716,1.036,12.4,4.84,71.9,28.34,159.6,44.88,587.3,84.6
8.95,2.87,3.19,0.509,16.63,6.06,75.3,25.5,112.2,24.68,292.8,33.57
12.72,4.04,3.13,0.883,15.36,5.6,74.1,25.93,124.7,29.53,368,46.7
9.18,3.092,3.69,0.447,21.4,8.06,106.2,36.97,169.9,38.7,446.8,55.2
17.01,5.34,4.01,0.419,19.94,7.37,96,31.75,146.6,32.5,388.7,45.84
15.6,5.99,4.83,0.847,18.92,6.17,75.4,24.51,108.1,24.35,292.5,34.04
3.66,1.066,1.23,0.2,7.18,3.06,43,15.3,76.2,18,238,27.8
8.85,2.75,2.61,0.467,14.07,5.28,68.7,23.79,110.3,25.27,311.5,36.8
16.33,4.58,2.73,0.383,16.63,6.25,84.7,29.25,137.2,30.81,383.4,47.3
7.72,2.11,1.369,0.209,9.94,4.132,58.9,21.41,104.6,24.45,330,40.8
25,7.95,6.72,0.597,32.48,11.34,144.5,48.26,215.7,47.58,557,68.2
5.23,1.726,1.15,0.314,5.53,2.139,27.18,8.98,41.1,9.53,144.5,14.44
0.801,0.467,1.53,0.614,8.98,3.322,44.38,15.52,71.2,16.12,215.7,26
3.7,1.134,0.721,0.236,3.03,1.179,16.24,5.82,30.76,7.94,136.8,15.41
5.699,2.535,2.27,1.072,7.77,2.73,35.3,12.32,64.8,16.86,256.1,35.79
6.48,2.32,3.47,0.731,18,6.41,81.5,28.13,128.8,28.82,347.9,42.52
12.21,3.97,4.28,0.36,24.52,9.33,121.9,40.98,187.9,41.5,486,58.4
7.67,2.16,1.61,0.209,10.16,4.11,57.2,20.96,97.9,22.46,296.6,34.96
5.55,1.623,1.38,0.325,6.53,2.217,27.2,8.83,40,8.91,135.6,13.28
4.56,1.25,0.918,0.231,5.34,2.27,34.2,12.37,63.1,15.54,226.8,26.32
41.12,11.25,3.43,0.53,18,7.32,106.4,40.32,204.6,50.82,636,85.2
15.93,4.86,2.82,0.341,14.01,4.95,63.9,21.93,102.1,23.19,297.4,35.22
4.33,1.411,2.18,0.488,14.66,6,85,30.3,146.5,34.2,419,51.9
5.11,1.708,2.37,0.256,12.92,5.09,66.35,22.6,105,24.42,314.7,37.68
7.64,4.25,6.91,1.406,22.81,6.43,66.2,19.36,77.5,16.22,202.7,21.14
18.92,7.68,11.73,2.084,48.6,15.58,184.6,59.9,265.9,57.7,635,80.6
4.39,1.234,0.806,0.28,4.99,1.779,24.08,8.38,39.15,9.5,142.4,14.73
16.02,5.04,4.16,1.192,19.42,6.72,83.1,27.96,132.3,31.32,388.1,49.25
4.02,1.42,1.45,0.302,6.13,2.1,26.1,9,43,10.39,158.4,16.49
22.5,10,10.14,3.73,42.2,14.32,174.5,56.1,257.7,59.3,676,89.4
15.3,4.93,5.46,0.959,29.9,10.82,136,46.6,209.2,46.5,526,65.1
16.4,5.99,8.15,1.477,38.2,12.76,153.7,50.5,225.2,49.4,547,68.2
16.09,6.55,10.26,2.086,43.9,14.41,172.1,55.4,241.3,53.6,574,71.2
6.27,3.16,4.47,0.952,14.53,4.46,51.9,16.38,72.5,16.48,201.7,24.1
11.85,4.23,4.66,0.772,21.24,7.61,99.1,33.32,151.7,36.72,428.3,54.6
5.87,1.667,1.322,0.187,8.46,3.67,53,18.93,92.9,23.03,284,34.5
12.57,3.69,2.22,0.616,12.83,4.589,62.9,22.31,103.9,25.04,288.7,35.7
7.21,2.368,2.91,0.504,15.62,5.79,73.9,24.74,109.5,25.79,292.7,33.4
5.69,1.9,2.33,0.647,11.67,4.03,52.4,17.97,82,20.21,248.1,29.3
9.37,4.55,5.53,0.584,24.87,8.74,113.1,38.83,187.6,46.07,508.2,66.9
10.5,3.09,1.4,0.559,5.99,2.18,32.1,11.78,67.4,20.43,299,44.7
19.64,6.38,6.01,0.865,26.8,8.99,107.7,35,156.9,37.1,406,50.4
17.1,5.07,3.49,0.34,18.9,7.26,95.4,33.4,151.9,35.8,383,45.4
13.6,4.37,4.06,0.3,21.7,8.2,113.4,39.32,185,45.93,513.1,62.2
7.59,2.528,3.67,0.525,20.16,7.94,108.2,36.7,166.9,39.7,427,51.6
9.04,2.812,2.75,0.542,14.02,4.87,60.9,19.67,87.5,21.13,248.8,27.18
13.93,4.6,3.03,1.145,9.65,2.643,26.8,7.97,34,8.2,110.4,11.18
7.6,2.206,1.36,0.292,8.13,3.21,44.7,15.56,74.9,19.46,240.1,26.93
5.52,2.31,3.84,0.945,17.26,5.89,74.4,25.3,116.8,29.28,335.4,41.63
11.62,3.7,3.16,0.278,16.55,6.23,87.2,30.37,140.7,35.02,385.8,45.96
5.2,1.492,0.585,0.269,2.6,0.945,13.84,5.13,28.14,8.51,129,16.99
5.28,1.633,1.403,0.223,7.18,2.677,36.32,12.37,59.2,14.93,191.3,21.1
8.62,3.2,4.37,0.51,18.6,6.3,75.6,24.02,104.4,24.87,277.7,32.18
10.72,2.98,1.142,0.079,6.4,2.655,36.7,13.3,66,16.98,221.2,24.13
3.31,0.898,0.248,0.047,1.55,6.79,11.32,4.71,28,8.58,157.9,18.6
22.93,6.56,3.43,0.26,18.31,6.63,88.4,30.19,140.8,34.06,382.9,44.9
5.47,1.554,0.987,0.349,6.59,2.781,41.94,15.24,79.7,22.22,292.3,35.99
12.3,4.33,5.91,0.814,30.3,11.42,150.6,51.63,235.3,58.2,603,75.6
4.754,1.54,1.441,0.295,7.71,2.952,38.64,13.6,64.9,16.83,214.4,24.08
12.28,3.65,3.2,0.383,19.8,7.5,101.8,35.22,164,39.56,438.6,54.2
5.97,1.602,0.815,0.171,4.61,1.73,25.1,8.99,43.92,11.38,158.1,17.24
12.44,3.64,2.42,0.386,13.72,4.9,65.7,22.42,104.8,25.52,301.7,35.69
5.57,2.105,3.1,0.63,15.88,5.36,65,21.02,91,20.65,240.1,26.26
16.63,4.83,2.63,0.228,14.46,5.11,69.5,23.75,110.4,26.87,318.3,36.8
4.67,1.271,0.489,0.085,3.68,1.688,27.78,11.31,60.4,16.47,228.2,27.53
2.81,1.138,2.46,0.517,13.15,4.86,62.5,20.95,95.8,23.19,272.6,33.97
2.434,1.012,1.356,0.298,6.85,2.538,33.63,11.3,52.6,12.58,163.9,17.76
8.66,5.38,9.7,1.36,35,11.3,131.2,40.6,174,39.9,429,50.9
32.59,16.53,18.22,2.826,51.6,13.79,142,40.77,167.9,36.27,387.3,43.79
13.6,4.17,1.71,0.804,6.83,2.03,26.3,8.87,43.6,11.58,165,21.1
13.71,4.08,3.85,0.77,24.31,9.97,135.3,46.7,218.2,52.2,579,71.1
5.66,2.99,7.7,1.57,42.7,15.55,199,65.6,288,63.2,638,77.7
14.17,4.63,4.92,0.789,29.37,10.61,142.6,49.5,230.3,53.8,596,77.9
12.12,4.04,4.73,0.473,23.96,8.63,112.8,38.23,173.3,40.05,445.6,54.9
8.02,2.44,2.35,0.206,14.09,5.97,87.2,31.9,155.5,37.6,440,53.2
4.088,1.24,1.244,0.322,7.33,2.67,37.25,12.99,64.2,15.72,211.6,24.77
14.42,4.49,4.2,0.512,23.4,8.18,107.5,37.4,176.1,40.6,467,57.5
4.97,2.046,2.75,0.448,13.81,4.97,62.9,21.19,100.4,23.67,292.6,34.69
12.05,3.51,2.89,0.363,18.05,6.81,94.7,33.28,157.9,36.46,432.6,53.7
15.45,6.1,5.21,0.687,24.1,8.37,108.1,36.4,170.6,39.7,467,57.1
11.71,3.42,3.64,0.346,26.54,11.14,162.4,58.9,286.4,67.7,762,100.1
8.98,3.29,5.04,0.9,24.95,8.93,114.8,38.5,179.7,40.34,463,57.02
5.31,1.998,2.92,0.134,12.47,4.22,49.65,14.87,59.8,12.1,149.7,14.26
11.86,3.62,3.13,0.364,18.88,7.14,97.4,33.95,158.2,36.65,440.1,54.2
22.61,6.69,3.78,0.228,21.06,7.78,106.5,36.76,171.7,39.13,462.8,54.8
4.81,1.299,0.626,0.107,4.54,2.089,32.01,11.92,61.9,15.01,208.3,23.53
4.69,1.465,1.296,0.286,6.85,2.63,35.9,12.68,64.1,14.9,205.3,23.1
16.7,9.58,16.15,1.818,66.1,20.3,249.5,82.7,367.8,78.1,829,107.5
17.25,5.46,4.35,0.649,21.77,7.49,99.4,34.55,159.2,35.73,426.1,53.18
18.48,5.84,4.24,0.572,17.64,5.67,70.2,22.64,102.4,23.46,287.4,33.52
14.9,4.21,2.72,0.249,14.59,5.65,79.9,27.89,132.4,29.83,357.8,42.21
2.27,2.192,7.19,1.312,35.7,12.42,152.7,50,222.3,48.4,523,64.1
11.8,3.51,3.17,0.625,16.81,5.81,75.4,25.65,120.2,27.25,328.9,41.39
27.48,9.68,7.14,2.81,28.1,9.7,133.3,47.9,229.2,54.6,629,87.5
9.72,3.13,3.04,0.643,16.06,5.82,75.2,25.19,119.9,28.54,358.4,45.25
10.92,3.082,2.19,0.374,12.36,4.32,57.4,19.78,92.5,21.62,267.1,32.25
19.49,7.98,9.74,2.317,36.78,11.72,142.6,47.23,217.4,50.98,563.3,72.4
24.71,9.36,13.83,1.08,65.9,20.91,249.6,78.5,338.4,71.2,731,91.4
6.58,2.282,3.05,0.577,17.05,5.92,77.7,26.15,116.9,25.98,297.3,35.16
12.7,3.77,3.28,0.495,17.47,6.41,85.4,28.91,136.5,31.64,363.8,44.42
5.81,1.581,1.107,0.117,8,3.573,53.8,19.73,99.8,24.3,303.4,35.9
6.05,1.678,0.686,0.127,4.33,1.571,22.58,8.32,41.9,10.28,157.1,16.66
12.33,3.5,2.21,0.376,12.49,4.51,60.7,21.39,100.6,23.67,290,34.99
18.12,5.61,5.7,0.553,32.93,11.99,159.9,55.46,253.9,58.72,636.2,79.3
9.73,3.15,3.8,0.788,20.1,7.48,98.1,33.5,155.1,37,412,52.9
9.36,4.76,7.66,1.133,28.9,9.16,106.2,33.65,146.7,32.67,351.4,41.68
10.4,3.27,2.35,0.518,12.27,4.4,59,19.99,92.3,21.98,258.5,30.31
15.89,4.48,2.89,0.311,16.77,5.97,79.7,27.64,129.8,30.79,359,45.13
17.25,9.11,13.65,2.295,57.5,18.44,235.7,78.8,356.5,80.8,827,106.9
11.21,3.56,3.25,0.435,17.92,6.38,85.7,28.53,134.6,32.52,376.1,45.87
5.94,1.641,0.807,0.075,5.84,2.67,41.6,15.95,82.6,21.8,275.6,33.5
2.9,0.978,1.219,0.197,6.46,2.36,31.9,10.64,50.8,12.38,162.7,17.53
5.78,1.97,2.73,0.786,18.47,7.27,106.1,38.1,189,48.4,539,71.6
3.849,1.238,1.371,0.484,7.41,2.71,38.07,13.03,63.5,15.74,195.9,23.12
11.37,3.66,3.82,0.593,20.02,6.76,93.2,31.97,148.8,37.1,407,51.3
11.89,3.38,2.21,0.352,13.61,4.99,67.1,23.58,110.3,27.63,320.8,39.2
8.8,2.841,3.47,0.634,18.06,6.32,83.2,27.76,127.5,30.4,339,40.09
6.33,2.114,2.32,0.615,11.07,3.99,52.1,17.42,82.2,20.73,241,27.76
10.24,4.25,8.06,1.167,35.64,12.37,153.9,52,222,47.9,525,65.5
19.79,8.66,22.8,2.71,89,25.8,256,72,278,56.4,586,67.6
0.86,0.44,0.58,0.106,2.38,0.88,10.1,3.32,16.94,4.39,89.9,8.93
18.95,9.42,11.92,2.42,44.6,15.36,187.4,61.2,266.7,59.1,659,82.9
11.69,3.25,2.1,0.246,12.86,5.34,76.5,27.51,128.8,29.67,365.2,44.83
13.26,5.69,6.16,1.302,22.6,6.79,83.7,27,112.4,24.2,279.2,33.2
4.24,1.403,1.561,0.187,9.26,3.447,50,18.16,82.8,18.94,239,28.03
5.1,1.95,2.15,0.539,10.76,3.86,50.7,16.89,74,17.43,220.7,27.13
20.28,9.02,9.15,1.266,34.58,11.02,139.7,46.96,201.6,43.71,483.1,60.46
10.31,2.913,2.304,0.118,15.99,6.71,104.6,38.99,187.4,44.06,511.1,65.3
29.1,7.78,1.51,0.494,10.38,4.04,68.9,28.34,161,45.6,527,69.7
22.52,6.35,2.92,0.187,16.41,5.95,85.6,30.43,141.7,32.04,384.5,46.9
17.56,5.46,5.18,0.388,26.96,8.59,113.1,38.12,164.8,35.58,391.8,47.83
34.8,13.2,9.2,1.16,34.1,10.95,140.2,44,199.5,43.46,495,63.5
10.74,3.364,3.62,0.588,19.34,6.04,81.5,27.23,128.1,28.16,326.5,43.58
12.17,3.32,1.472,0.191,9.26,3.211,47.41,16.93,83.1,19.34,257.5,31.86
14.91,4.72,4.99,0.854,26.17,8.19,109.3,35.93,164.5,36.35,413.1,52.6
14.07,3.71,1.291,0.477,6.99,2.359,32.79,10.62,52.1,12.54,181.1,20.68
9.18,2.644,1.391,0.149,7.45,2.552,36.5,12.53,62.29,14.75,203.3,24.06
7.13,2.253,2.2,0.684,11.12,3.87,56,19.13,101.3,24.85,323,44.57
23.48,6.91,3.62,0.841,18.89,6.77,94.7,31.34,153.6,35.47,426.4,54.78
17.3,6.59,4.12,0.55,14.1,5.18,66,20.96,97.5,22.27,266.2,31.91
9.85,5.08,7.34,2.52,28.82,8.92,112.4,36.95,175.3,39.96,449,58.73
25.29,8.01,4.98,0.984,20.73,7.08,90.5,29.81,144.3,32.78,379.9,51.35
16.22,4.73,3.51,0.538,20.2,7.14,91.7,30.2,141,31.5,354,45.7
20.16,5.74,3.59,0.302,20.02,7.44,97.6,31.54,145,32.1,354.8,44.27
16.9,6.1,5.8,1.05,23.8,7.86,99.6,29.9,140,30.3,338,43.1
13.09,4.3,4.77,0.862,22.65,8.41,104.2,34.55,157.8,34.85,382.3,49.52
2.745,1.068,1.145,0.193,3.57,1.325,16.2,5.3,24.98,5.88,100.6,8.93
3.301,1.024,1.088,0.268,5.7,2.363,33.12,11.72,57,13.35,177.6,20.45
13.1,3.65,2.01,0.289,11.01,4.39,57.94,20.21,94.2,21.96,264.7,32.27
6.26,1.901,2.42,0.566,14.96,5.99,84.8,29.49,140,31.39,354.2,43.42
15.39,9.29,13.43,2.43,54.1,18.59,224.2,73,310,64.8,661,82
2.924,0.874,0.806,0.207,3.72,1.509,20.53,7.23,35.7,8.87,134.9,14.88
13.19,3.912,3.44,1.082,17.22,7.06,97.9,34.04,166.7,40.52,483.8,63.1
12.96,6.88,15.16,1.725,74.99,25.82,341.4,118.2,539,123.8,1292,156.7
8.6,2.74,2.15,0.334,11.5,4.2,60.2,21.8,107,26.2,327,39.9
11.15,3.82,5,2.3,26.86,9.85,130,45.6,216,52.2,581.3,79.9
3.658,1.362,2.33,0.534,12.36,4.61,64.2,22.82,111.6,26.47,319.3,38.94
12.48,6.73,15.41,0.651,62.85,20.47,230.8,72.4,291.2,60.1,572.8,63.9
28.02,7.86,4.62,0.348,23.14,7.45,94.1,32.12,140.2,30.43,348.5,39.2
7.9,4.53,7.97,1.708,34.5,11.11,141.3,47.7,213.8,48.1,516,63.7
12.41,3.75,1.74,0.425,7.89,2.82,40.9,15.8,82.2,21.9,301,40.2
2.22,0.832,1.51,0.31,8.94,2.95,42.7,14.78,69.9,15.58,193.7,21.28
8.78,2.75,2.61,0.217,15.7,5.8,81.3,28.8,133,30.5,359,42.1
14.05,4.088,2.5,0.288,13.39,4.52,63.1,22.2,100.7,23.38,281.7,31.73
16.52,4.82,3.87,0.446,20.15,6.48,86.5,30.15,135.9,30.86,350.3,41.7
6.29,2.183,2.71,0.876,15.21,5.58,81.8,30.97,154.2,37.95,442.9,54.82
9.24,4.35,4.5,0.93,15.5,4.59,56.3,19.16,89.7,21.73,262.5,31.46
7.3,2.159,2.54,0.227,16.01,6.41,94,33.52,163.1,38.9,451,52.1
13.1,5.3,4.25,1.043,17.62,5.94,78.5,27,128.2,29.9,348.2,42.05
17,5.31,4.51,0.591,20.68,6.71,87,29.67,137,30.85,352.5,40.66
14.41,4.01,2.32,0.488,11.76,3.769,47.91,16.13,74,17.15,219.1,23.72
14.9,5.25,7.08,1.12,42.7,16.53,229,78.7,368,83.4,865,105.9
6,2.91,6.81,1.414,40,14.78,201.9,70.1,324.7,73.2,774,92.9
22.9,9.6,7.74,1.45,26.3,9.07,115.5,38.3,184.8,43.8,500,62.1
9.22,3.6,6.76,0.414,33.87,11.22,132.9,43.18,192.4,41.4,436.3,49.26
16.7,4.4,1.05,0.7,5.9,2.37,36.8,14.6,78,20.3,275,33.2
11.84,4.24,4.07,1.156,18.18,6.63,85,29.31,152,37.11,448,58.3
6.36,2.173,3.7,0.954,20.2,6.81,86.9,29.05,138.2,31.13,354.2,40.94
10.9,4.29,4.43,1.439,15.24,5,61.6,21.37,104.5,25.1,301.2,37.41
18.7,8.43,5.25,1.046,11.82,4.33,55.3,18.78,102.6,26.66,348.2,42.9
12.47,3.9,2.12,0.386,8.64,3.78,52.1,18.5,101.6,28.43,375,46.1
12.1,4.05,3.23,0.648,15.08,5.37,66.34,22.65,107.9,25.09,289.3,34.55
9.25,3.15,4.31,0.424,22.14,7.97,100.5,34.28,165.3,38.01,428.2,51.3
14.37,4.44,4.27,0.389,22.21,7.78,97.4,32.86,154.1,34.17,382.1,45.07
12.26,5.06,7.16,0.968,32.3,10.6,127.8,42.6,196.9,44.68,474,59.2
10.47,3.07,1.77,0.313,10.18,3.815,51.5,18.1,89.9,21.41,267.7,31.89
7.27,2.148,2.374,0.292,18.03,7.58,103.3,37.32,187.2,46.35,534,69.1
13.3,5.64,8.52,1.245,35.74,11.55,134.7,44.95,205.6,46.29,489.1,61.8
9.19,3.2,3.76,1.37,19.09,6.68,82.4,29.33,146.7,35.92,419.2,57.8
11.55,3.13,1.81,0.196,11.1,4.02,53.3,19.4,95.8,22.6,275,33.3
17.19,5.06,2.14,0.208,9.49,3.25,39.3,13.7,64.7,15.42,198.9,22.9
9.98,4.88,6.03,2.06,18.81,5.56,61.1,19.41,89.8,20.99,264.8,32.69
14,4.6,3.92,0.828,21.71,8.18,110.7,39.57,197.5,47.31,538.8,74.8
5.28,1.572,1.7,0.588,7.79,2.578,33.22,11.46,57.51,14.91,208.2,27.78
0.92,0.229,0.088,0.072,0.84,3.93,6.88,2.915,17.71,5.27,104.7,11.39
0.3386,0.0956,0.066,0.0129,0.506,0.1954,2.777,1.057,5.37,1.348,17.56,2.25
9.35,2.95,2.753,0.613,14.12,4.75,58.5,20.3,93.3,21.76,250,31.29
15.2,8.05,13.73,1.565,53.4,16.19,190.1,62.64,275.8,59.35,613,79.4
9.25,3.23,2.3,0.308,11.13,4.036,52.82,18.79,90.4,21.73,273.1,34.14
21,9.1,8.6,1.11,36.3,11.61,138.9,46.3,204.5,45.86,492.3,63.1
9.49,2.97,3.21,0.598,18.5,6.43,83.9,29.6,138.1,32.2,358,45.8
8.08,2.502,2.88,0.466,16.7,5.658,75.1,26.12,121.6,27.58,316.7,39.72
4.371,1.291,1.87,0.202,14.12,5.51,80.1,29.19,143.8,35.71,425,55.8
1.367,0.495,0.867,0.258,5.85,2.302,31.24,11.64,57.2,13.89,180.3,21.03
20.93,8.75,8,1.106,28.49,8.51,98.1,31.69,137.9,30.79,345.6,43.67
13.68,6.23,11.21,2.395,54,17.78,228.4,74.3,318,67.4,641,76.7
5.84,2.02,3.45,0.57,20.5,7.6,83.3,32.4,158,31.4,286,54.7
7.58,3.03,2,0.63,7.4,2.44,30.4,11.4,61.8,15,150,31.9
14.5,4.44,4.77,1.15,24.5,8.86,115,44.8,214,48.2,449,95.4
11.5,3.522,3.07,0.501,16.15,5.5,70.5,25.03,116.4,26.82,313.2,38.72
9.87,2.704,1.48,0.236,9.11,3.213,45.08,16.19,77.7,19.13,241.2,29.2
4.14,2.9,4.96,1.9,22.6,6.26,65.6,20.8,87.8,17.6,154,30.5
26.04,8.26,8.61,0.53,44.5,15.18,190.8,63.9,278.2,61.3,610,74.9
13.67,3.928,2.666,0.423,15.1,5.36,73.3,25.32,121.5,28.74,333.3,41.37
5.7,1.923,2.4,0.286,13.1,4.88,64.5,22.55,104.8,23.92,277,32.18
6.83,2.433,3.08,0.458,13.98,5.11,66.8,23.29,114,26.9,327.4,39.53
11.53,3.74,3.83,0.572,19.41,7.04,90.2,30.84,146.4,33.89,374.8,46
9,5.37,6.87,2.79,33,9.14,92.5,34.2,164,35.1,378,99.7
14.2,1.93,3.38,1.26,22.3,7.66,86.5,36,183,40.5,471,114
20.5,1.16,2.61,0.71,17.6,6.32,76.7,34,191,45.9,557,152
10.5,2.96,4.74,1.68,33.6,11.1,122,46.4,226,44.7,454,110
11.9,3.25,5.53,1.88,40.2,13.1,143,55.7,269,53.6,533,132
13.5,1.39,3.75,1.49,30,9.42,98.5,34.4,153,29,278,58.9
3.17,0.73,2.06,0.351,15.1,4.92,42.2,11.5,39.9,6.96,61.8,10.5
2.27,0.74,2.35,0.358,16.9,4.71,36.7,8.74,27.1,3.99,33.3,5.8
5.5,1.22,2.09,0.73,11.8,3.41,35.6,14.8,73.7,16.9,193,52.7
6.26,3.03,5.09,1.75,30.6,8.62,89.4,34.4,169,34.9,369,99.1
4.68,1.1,2.39,0.78,16.9,5.55,63.7,25.8,128,27.4,290,72.4
3.92,1.89,3.63,1.24,23.8,7.74,89.1,35.1,171,36.9,392,90.5
8.5,4.12,3.53,0.794,14.6,6.09,89.9,34,180.3,48.6,565,80.9
15.64,4.5,2.56,0.304,13.53,5.27,71.2,25.63,126.2,30.51,364.9,44.97
4.49,1.338,0.82,0.267,4.35,1.777,24.33,8.62,44.2,11.22,162.3,17.48
28.1,9.23,6.57,1.015,24,7.42,83.7,26.8,123.3,28.1,320.9,37.2
8.93,2.75,2.28,0.681,11.62,4.07,50.3,16.96,84,20.47,260.3,32.12
31.4,11.49,8.05,0.738,31.8,10.26,117.5,37.92,169.2,37.16,407.5,46.57
13.84,4.25,3.4,0.847,16.04,5.7,73.5,25.64,125.3,29.9,350.4,45
7.05,2.25,2.43,0.526,13.82,5.22,71,25.13,126,30.6,364.1,44.78
13.42,3.93,1.9,0.559,9.33,3.511,48.5,16.98,87.2,22.99,292.9,36.21
10.81,3.29,1.844,0.225,7.99,2.898,37.04,12.58,59.6,14.1,181.7,19.14
14.42,4.16,2.59,0.245,17,6.41,84.8,29.67,141.1,33.83,397.1,45.18
6.56,1.76,0.878,0.121,5.16,1.946,27.46,10,49.9,12.35,173.9,18.48
17.57,4.93,3.34,0.272,20.25,7.32,97.2,33.28,154.2,35.34,392.6,44.63
3.476,1.008,0.686,0.0715,4.27,1.778,25.64,9.52,48.5,12.25,176.1,19.3
4.37,1.447,2.013,0.536,12.77,4.86,68.4,25.13,124.9,31.52,378.3,46.6
12.46,4.09,4.03,1.154,18.1,5.81,73.2,25.63,121,30.27,364.1,45.32
13.99,5.73,4.08,0.797,16.12,5.48,68.2,22.57,101.4,24.23,288.8,32.73
4.2,1.849,4.05,0.354,20.45,6.04,66.2,20.16,83.1,18.57,229.2,24.41
19.45,6.76,5.1,0.609,25.23,9.18,123.7,43.7,207.3,49.69,574.9,72
6.73,2.108,2.69,0.398,18.33,7.13,101.5,36.79,173.5,42.01,469.3,56.9
7.64,2.528,2.759,0.425,14.34,4.98,64.4,22.07,96.6,22.91,272.4,30
4.39,1.67,2.59,0.542,12.32,3.91,51.7,17.93,86.7,21.57,265.7,33.22
6.16,2.082,2.88,0.322,14.99,5.09,67.6,23.15,106.4,25.47,306.6,36.02
29,10.47,7.84,0.967,33,10.78,133.5,45.45,199.1,45.91,517,62.16
10.69,3.292,3.37,0.577,17.97,6.04,82.4,28.84,131.8,31.75,366.7,44.88
11.94,4.22,5.2,0.513,26.3,8.76,118,40.7,180.6,43.11,493,57
8.9,3.28,2.81,0.594,12.54,4.18,53.8,17.88,80.3,19.54,242.3,28.4
20.37,5.65,3.22,0.855,19.53,7.57,107.2,37.49,176,43.97,512,65.4
5.84,1.855,2.248,0.378,12.88,4.68,61.7,20.9,93.4,21.82,260.3,28.59
41.4,12.36,4.44,0.749,16.57,5.77,76.5,26.33,123.1,31.22,377.2,46.07
7.61,2.131,1.75,0.5,10.09,3.679,53,18.32,86.1,20.98,269.6,31.54
4.7,2.16,2.64,0.729,11.63,3.9,52.1,18.6,87.7,22.3,276,34.5
4.189,1.107,0.609,0.195,4.6,1.999,31.56,11.86,60.6,15.96,240.5,26.28
13.98,5.53,3.83,1.262,12.2,4.23,57.9,20.74,108.9,31.1,423.4,63.3
18.65,5.56,4.03,0.385,23.41,8.12,104.3,36.1,158.2,36.49,412.4,48.39
3.63,1.45,2.9,0.326,16.27,5.51,77.9,27.2,130.2,33,399,50.2
12.02,3.33,1.491,0.647,7.25,2.491,38.68,15.09,79.9,21.93,298.6,39.16
24.87,9.63,14.07,1.074,66,19.31,217.4,68.3,273.2,59.72,604,71.7
11.46,4.32,4.36,0.739,21.88,7.54,99.2,35.82,159.5,38.7,445,56.1
17.06,5.47,5.39,0.483,30.7,10.43,134.8,48.7,219.1,51.5,583,73
20.01,7.84,5.62,0.988,22.37,7.19,87.1,30.06,128.7,30.61,361.2,43.73
1.438,0.991,2.97,0.77,15.63,5.4,68,24,103,24.8,301,35.3
2.53,0.74,0.7,0.151,4.05,1.59,24.6,9.6,45.2,11.8,171,19.6
14.07,4.83,5.7,0.847,30.9,9.63,115.2,40.8,172.1,40,458,56.4
15.34,4.24,2.27,0.298,15.58,5.54,71.9,26.59,117.9,28.41,350.4,42.1
0.3403,0.0964,0.0674,0.0129,0.51,0.1963,2.787,1.061,5.404,1.353,17.66,2.257
11.11,0.972,2.01,0.977,11,10.69719271,53.08,21.19,110.14,44.96640925,223.05,41.15
10.98,1.87,4.47,0.603,27.79,4.612789987,120.08,45.9,216.49,21.41666298,377.88,72.69
3.39,0.739,1.63,0.183,7.76,9.482684125,33.65,12.33,62.06,42.27318606,130.78,23.61
23.07,1.364,3.36,0.352,22.25,3.003260406,91.43,33.64,157.57,12.57079932,272.21,51.27
6.5,3.21,5.12,1.32,27.09,7.029512577,103.92,39.59,190.25,30.98032741,351.84,69.65
13.46,1.16,2.93,0.424,20.05,9.733376829,87.86,35.07,174.17,36.87368608,339.58,68.28
7.89,0.41,0.826,0.385,4.88,7.150254204,19.47,7.43,36.31,35.59598965,69.07,14.15
7.09,0.932,2.25,0.461,15.64,1.714821404,71.73,28.02,138.08,7.30817009,273.47,55.29
7.86,2.41,4.65,1.106,28.65,5.693840187,112.9,42.4,202.21,28.53221663,382.57,69.48
27.42,7.14,10.13,1.254,40.37,9.631409364,118.01,39.51,172.12,39.86038593,276.49,50.87
12.27,1.117,2.6,0.477,15.36,11.80434909,61.34,22.56,106.65,32.01884449,185.2,35.79
28.04,6.18,5.93,1.938,18.84,4.997359541,46.94,15.77,71.87,20.88353242,125.1,24.69
6.93,0.96,2.31,0.4,14.28,5.883652039,52.52,18.73,86.36,13.39046516,158.97,27.97
13.97,0.828,2,0.767,12.51,4.25838625,49.94,19.58,101.69,17.36711204,226.37,46.27
15.84,1.46,3.03,0.368,17.78,4.529599984,70.77,26.23,128.15,21.81438585,226.34,42.67
6.93,2.44,4.02,0.741,20.41,5.975116236,76.32,27.99,126.67,24.60031316,233.68,40.56
10.9,1.425,2.87,0.489,17.4,6.881000215,84.63,33.8,170.8,24.44864964,336.49,64.93
9.32,0.313,0.973,0.079,5.53,7.077065383,32.5,14.61,84.57,33.57937466,221.8,48.48
12.01,3.25,6.92,1.199,33.08,2.9033428,118,42.87,193.79,18.70862211,326.84,62.53
9.5,1.034,3.59,0.207,25.08,10.4787988,120.28,47.08,228.25,37.46623587,411.13,78.57
7.43,1.27,2.77,0.359,17.03,8.605677531,72.2,26.94,129.51,45.94639241,246.98,47.09
11.59,5.16,7.19,1.703,30.04,5.925154521,99.53,33.03,143.48,26.05718803,252.29,43.98
5.12,3.25,5.05,1.46,20.31,9.46035514,54.63,16.67,67.71,27.46194077,111.3,20.06
5.59,0.575,1.95,0.375,12.12,5.209921409,55.49,21.67,109.54,13.33474019,228.62,46.27
4.63,0.846,1.71,0.266,8.86,4.425554043,35.16,13.59,67.36,23.45791422,133.96,27.18
3.95,2.27,4.74,1.036,31.61,3.281420199,134.03,49.92,235.09,13.61794705,399.35,71.92
6.93,1.087,1.46,0.227,5.88,10.3804357,22.36,8.37,40.93,44.58611889,77.95,15.87
2.353,0.245,0.628,0.216,4.49,2.338477234,21.32,8.48,43.55,7.852493505,89.66,19.02
7.757958956,0.883684093,1.677776986,0.191177928,8.393205278,3.343555413,39.61317906,17.1897658,78.12364559,16.25908925,156.1770848,34.87844164
7.422843693,0.63123108,1.417730572,0.186622038,9.819725545,3.903851317,47.1594765,18.64904149,83.79997889,18.77799406,157.7635933,36.42523954
11.99643751,2.613820169,2.172529914,0.273296643,9.272541773,3.975399035,47.62326142,20.68209255,97.01076495,21.70252611,198.5123094,44.35033557
7.115865936,2.152209038,3.372145492,0.49874803,17.69761454,6.897918617,77.90533364,31.00827776,140.012325,30.21475826,267.3391102,57.61573001
6.503753914,0.583013662,1.337961567,0.185458793,9.401078306,4.588827284,61.08256974,26.59217292,123.0510397,27.24245908,234.3941005,54.63268842
15.38733436,1.716116184,1.919779446,0.037859877,8.653354027,3.185956506,42.26855894,16.76772377,84.74475807,18.4371646,161.4689889,40.00982966
12.5648515,1.705208277,2.663020119,0.250526314,12.650189,5.067746594,61.33327912,25.64076695,109.7539982,23.62728462,212.9234145,47.8099797
9.97789897,1.184948195,1.971931945,0.272619654,12.50896172,5.262691974,62.86935409,26.31138709,113.6637072,26.04672,228.1237278,52.96662541
20.89367436,2.513311028,4.091593277,0.578018529,20.55821986,7.900758538,94.17236756,38.39034691,168.8313146,36.74171997,320.6774905,71.58108792
7.805732074,1.358900185,2.625864841,0.184104411,17.8571469,9.289197286,120.2527261,51.54021404,237.8473534,52.25278333,449.8516385,100.7135008
6.852452799,0.99743114,1.874652671,0.181935615,9.031190814,3.372489836,38.86269672,15.19430909,70.57629482,15.8732531,144.171153,32.99542249
4.453487908,0.407430672,1.092365178,0.202610116,5.565542315,2.22105865,24.49490977,9.905831182,46.07007709,10.3664046,91.77200336,20.99576302
4.616006257,0.474218661,1.313270196,0.220122635,6.798507813,2.531666612,29.93700395,11.67197805,55.86450292,12.50852349,115.5343956,26.66736636
2.738555473,0.166371514,0.784989695,0.10817629,6.334541156,3.305174389,39.29060331,16.72890365,79.28245112,16.77155174,164.0524366,35.57516613
3.342541578,0.215604715,0.981574894,0.181266734,8.223768134,3.857112398,45.78052006,19.87458485,84.28042974,18.77701909,167.2392837,37.9875737
2.438988067,0.480123454,0.76472318,0.086508601,5.819940591,2.755572364,37.1894722,16.92428393,74.36508506,17.60998096,162.7323833,37.60011438
4.800743534,1.21398541,4.366332914,0.635779438,28.61625656,11.04997068,124.2503613,45.4354485,189.4306447,38.30018836,304.909449,66.26819041
5.121717274,0.921107709,3.167426665,0.41032197,25.00882582,10.66919684,124.7177669,48.66620116,200.3850852,41.94135168,323.1739722,70.90127571
2.054874735,0.194854956,0.875709374,0.096726467,8.160420822,4.393551949,54.56407103,24.35336398,113.0228374,25.49185671,232.8729856,55.92515061
3.409246871,0.276727296,1.565250537,0.218095724,11.44376295,4.710428912,58.70000774,23.67241714,107.4565403,23.79306816,206.2688425,44.6723387
3.397118636,0.245208472,0.903886585,0.110264009,6.290298907,2.887826373,36.99197684,14.39663066,64.93341574,15.00093531,130.9519188,30.37092301
3.048880623,0.326570924,0.78090937,0.169612396,8.293667101,3.976933583,50.21780176,19.83304472,88.82697803,20.58155073,182.6881998,41.2261469
11.19072247,5.543323305,3.57433776,0.525172881,14.50424271,5.433904549,58.75486756,21.85622141,88.95595812,17.77988125,157.0338887,32.98874674
1.44147712,0.055967936,0.277716789,0.068838996,2.70749445,1.380117797,19.32162872,9.194050293,44.57632638,11.79002274,115.4746348,28.58919464
3.235813109,0.426740939,1.9780119,0.264512007,14.17910837,5.755729901,64.84430762,23.34815691,98.02487093,19.48389368,164.9346743,35.14549944
3.331626166,0.637797368,1.923967859,0.288226876,13.54345006,5.853015073,64.73458798,25.90971453,104.9172447,21.86789096,182.284828,40.09892736
2.720896762,0.19251219,1.050008161,0.234124543,5.568782161,2.597546791,35.30920671,15.08721021,68.00636646,16.53436323,149.130787,36.53468666
11.42158343,1.01640627,2.187527136,0.493579405,12.5845158,4.523374774,54.5116799,22.12040632,99.07565563,21.87138635,199.0103263,45.45479273
14.70136139,0.545458385,0.991187978,0.087491045,11.75622396,5.125224891,61.23562864,27.31913749,124.0651456,26.9586398,231.3754693,52.33743664
4.888127467,1.263410118,2.23332946,0.425479218,14.50144,5.640894575,71.44997858,29.76341912,133.7402649,30.67512486,274.7074542,63.73054801
7.549826314,2.85744073,2.227290039,0.238162152,8.459588795,3.216901452,42.09942611,16.88035454,77.95234391,17.66652575,166.1653332,38.42407315
6.545608453,0.630935042,2.056375759,0.547874294,12.13597938,5.11983433,59.13888631,24.74884806,105.3606137,22.74894532,187.3640496,42.83362408
4.871912017,0.679290504,0.97617049,0.20897462,6.60556409,2.815272567,33.69490164,14.91299805,67.59363016,15.30622554,142.2698153,32.72758533
3.695740039,0.955379443,2.986757436,0.446903677,15.48409183,6.178777047,70.93813646,28.73945388,120.9293171,25.47929641,213.1676492,46.45707826
7.45062948,0.812547304,1.93280406,0.497527829,16.88501687,7.110876709,85.84848703,37.61334214,173.532639,37.82238039,336.4313135,78.54665332
3.248062627,0.443,1.483292749,0.315103728,7.683747093,2.98690492,33.33595384,13.62669753,60.94873698,13.02846916,113.1287416,26.65969951
6.545875274,0.568921157,1.546395922,0.191801609,10.45498433,3.922979979,45.8894168,16.63783242,71.10471014,14.6179853,123.293476,26.08368717
2.736129826,0.28159476,0.604077268,0.293294156,6.921806024,2.663565552,22.4705824,8.979838468,34.9697278,7.31244086,59.92234594,14.46910826
26.87616886,9.024756957,10.48454395,1.317290063,46.0762086,18.03446352,205.8889057,80.61586763,335.5497741,72.17104988,596.419413,128.386731
8.746167547,1.112470858,1.795451129,0.373872013,10.87641908,3.838890759,46.43038949,19.51350042,92.21310854,21.11234339,177.7916476,46.12656757
25.19786369,4.951958351,4.314160148,0.557498072,14.30722586,5.5799937,63.99288321,25.01297009,107.1989831,23.35609803,198.4775036,44.54737572
16.94314436,2.259779991,1.691578483,0.266944301,3.464818813,1.52502701,17.2204976,8.126332385,37.56142155,10.1764927,97.22018743,24.04116941
2.030812317,0.147405162,0.699397445,0.081715562,6.145902404,2.893062016,39.14182348,16.84258764,81.52791393,18.32254151,163.9259061,38.7786264
17.7193514,4.53871066,5.092975312,0.780563784,22.67153664,9.069769385,87.00767503,28.25514604,105.9249016,20.8565272,172.3950329,37.46885904
13.36240424,5.770322673,8.474510956,1.218117316,36.55293494,13.09966925,140.1728755,51.55883719,213.9001837,42.23377293,343.7173885,74.8206769
1.82408655,0.342238573,0.47464179,0.075583546,4.681311349,2.235603199,27.36407838,11.39487341,47.23895918,10.16545059,87.44574741,20.99498047
1.882302079,0.20786465,0.420530194,0.077225344,3.520552583,1.760826306,21.43921778,9.577111113,44.37721336,10.59508512,91.57407782,22.04799581
3.984125212,0.516988509,1.957069834,0.236540622,13.17167984,5.304908125,63.19851301,24.01443623,104.7157133,22.86026047,203.2701135,45.51891525
17.74263761,3.028264777,2.596336528,0.669028901,7.019697742,3.382852318,40.19156614,17.33932599,83.5387942,20.45075912,193.6410595,48.50639426
4.629347316,0.809116141,1.944234374,0.195819961,10.59040486,4.079314837,51.76572646,20.21290636,95.20343139,21.8103794,213.3466784,52.06238852
14.26280441,2.36510872,4.786275379,0.584156018,27.82083269,12.27615185,142.9098319,60.8866872,275.050049,58.41968596,487.9973306,105.8539438
17.46465846,1.851232196,2.787996964,0.401733944,12.28110643,5.034219355,58.37084882,23.95162777,106.0458205,22.96379986,204.3377917,45.92064214
15.31116905,2.010629672,7.481992143,0.283202162,41.04846397,15.03324018,181.115308,70.07969577,301.560698,62.41324671,514.9786568,108.774463
27.13086179,8.53801056,7.059502853,1.767264511,16.49877424,5.132047662,44.52971615,13.816952,54.21194548,11.57555932,104.170067,22.37290121
12.66187738,3.617882232,7.552654727,1.080344058,41.61191761,14.96817165,170.1203028,65.52028861,270.0923767,56.61739924,457.3769882,96.93837608
16.31708486,3.205783582,4.591541189,1.366706175,28.41887859,10.29319398,115.3504526,47.10463211,188.5797791,40.5104603,324.8439898,72.96468339
10.89721919,1.220855716,2.836636601,0.632599213,11.80368237,4.303043399,60.12636307,20.72396149,93.87332418,20.38678633,157.3257048,40.40568484
13.6,2.8,7.5,0.9,18.9,20.2,172.1,56,235,48.7,404,77.2
0.1,0.1,0.1,0.1,0.4,0.3,4.8,2.1,13.1,3.4,42.2,11.3
3.1,0.7,2,0.6,6.2,7.3,59.4,19.5,82,17.2,151,27.7
10.5,0.9,2.4,0.3,5.6,6.5,55.8,20.1,91.1,20.4,174,35.7
3.6,0.3,0.8,0.1,3,2.7,32.3,13.5,69.6,16.1,156,33.4
4.6,0.6,0.8,0.1,3.6,3.3,34.8,14.1,74.1,17.5,164,34.1
8.2,1.5,4.2,0.8,9.9,11.4,89.3,28.8,129,26,220,41.8
2.9,1.1,2,0.2,3.5,3.6,20.3,4.2,13.7,2.2,16.6,2.5
21.6,6.7,13.1,1.6,31.8,34,302,103,455,90.1,716,125
4.9,1.8,3.4,0.7,10.3,10.7,111,40.1,207,43.5,384,74.7
1.1,0.2,0.3,0.1,1.8,2,20.6,8.7,45.4,10.4,106,22.8
6.5,0.9,3.1,0.6,9.4,10.2,106,37.5,172,34.6,304,56.5
7.5,0.3,0.7,0.1,2.5,2.3,28.5,11.1,58.6,14.3,136,24.3
4.7,1.4,2.1,0.5,4,4.4,42.2,15.8,77.4,19.5,187,38.7
16,2.9,5.6,0.2,11.7,13,99.9,32.6,149,30.2,252,49.9
5.4,3.5,7.4,1.3,19.7,22.6,186,64.8,271,55.1,460,81.9
4.8,0.8,2.8,0.3,8.2,9.5,88.2,30.1,137,29.6,263,50.9
4.3,1.9,1.9,0.3,2.9,3.6,25.3,8.4,39.4,7.9,77.6,15.2
7.8,1.9,3.8,0.7,8.6,10,91.1,33.5,161.6,35.6,322.5,64.9
4.2,0.2,0.7,0.1,2.3,2.2,23.4,10.1,47.2,11.7,114,25.8
5,2,2.6,0.8,6.8,7.7,62.5,20.7,96.3,20.5,185,37.3
13.4,1.8,4.3,0.4,11.5,12.8,120,41.3,190,41.2,347,63.7
13.4,1.8,4.5,0.5,12.1,11.8,120,42.5,193,41.4,355,67.2
28.6,9.7,11.3,1.5,26.6,27.8,254,83.5,370,74.7,594,100.6
35.9,5.8,9.7,1,28.9,29.2,291,99.3,445,85.9,697,110.7
5.341365313,0.823730647,0.995673506,0.334690618,6.351757657,3.253830196,37.5374395,15.65664924,71.73218924,17.75627624,161.3659348,41.94132016
12.55471425,3.303129186,5.728172471,0.572166219,28.73452188,9.511193433,111.7299888,41.63558801,171.2291092,36.82668425,283.5991745,65.21785571
13.58941556,1.184729086,2.20970512,0.33874424,12.1387222,4.34898276,50.69850921,20.54817367,91.54617169,19.81782479,169.4191206,38.04153255
2.702662966,0.430881903,1.315229818,0.35171818,10.39897663,4.005981454,41.89423376,14.88268203,57.34669069,11.46694369,93.37883012,19.67443639
4.042035764,0.766757235,1.077179172,0.262144677,5.766889791,2.492287309,29.21722177,11.55412031,53.48882241,12.45248325,109.559945,26.30724563
5.424540112,0.44171012,1.012137984,0.211799555,6.924579897,2.549187888,33.24984246,14.32563592,65.93619953,15.69813277,143.6202162,34.65665637
11.76299811,1.73822082,2.945876742,1.456280327,17.94137333,6.012657014,62.95581577,23.28965419,96.34244037,20.1190828,166.3821545,38.03786902
5.110707403,0.369541324,0.972436888,0.063643396,5.99019698,2.456226182,31.63529742,14.0058742,67.39105046,15.41798362,141.7854946,35.98301382
20.30178402,1.55405544,2.434865348,0.271537891,14.86499246,4.501884658,54.93490295,22.32228739,96.39960035,21.69675829,189.272667,42.15325225
13.00015825,1.080054436,2.359637288,0.195488358,13.62073491,5.290910028,66.20136852,28.92250269,128.9766443,30.30625602,244.2913393,59.59104746
3.988928328,0.644218235,1.705649954,0.212622397,10.0278741,3.77003224,44.99847031,16.75648513,73.88861865,16.5434299,145.7062378,33.78166012
5.019108052,0.78657999,2.113534529,0.298527111,11.84088927,4.350248512,52.0458961,21.85598863,95.71080815,22.21072351,200.6553961,45.40901184
5.863017449,0.677314112,0.603458387,0.115983469,3.60014502,1.294753469,17.44639197,8.286747898,41.77619528,10.92372981,109.8868379,27.71569802
6.793125795,5.729956361,7.919961246,0.943909686,28.09058097,11.11156667,114.3539204,45.55371616,179.9195817,41.03094649,318.9077399,73.3701561
7.076196012,1.065560461,1.505139264,0.120405523,9.1721747,2.665024371,31.3779894,12.42087196,51.60755347,12.63191478,108.8709201,24.23088667
12.80666522,6.522072703,8.563871984,1.518484149,45.24339228,16.64737116,187.5320209,71.27450664,299.1064364,60.99673709,490.8668916,107.2423256
9.90139536,0.704891616,1.966393144,0.202254586,13.21790445,5.181372042,66.53470318,27.00596907,116.9694404,26.51285029,236.4106382,51.12582685
9.104615729,0.333341269,0.761673053,0.148572368,6.114896851,1.910790542,23.38344634,10.46607969,47.71451476,10.34275564,98.58227861,22.6302
11.18710795,0.544413487,1.219326037,0.685921168,9.24354453,3.130682213,37.04056962,15.91456108,72.88673908,18.78447132,184.930746,46.43874494
7.567394422,1.21873784,2.532238323,0.500287992,14.13622144,5.213106923,60.80046231,24.51892522,105.0721204,22.40857202,203.5208702,43.70087972
9.153911439,1.471049512,2.939581938,0.244219533,17.00345598,6.361795714,74.67644975,29.87587241,124.1391411,27.10000256,238.8964921,53.97176423
34.05428093,0.970378832,2.437570153,0.517732245,20.96277209,6.487863898,78.70355021,33.75073142,146.0865655,33.14002159,297.3115048,66.20532856
4.031181793,1.297132328,2.323968348,0.469678267,10.91051429,3.90560586,42.82733789,18.04785644,78.24053306,18.21940277,169.2080834,41.0942444
14.10044014,29.0933589,14.37848498,2.106262111,33.16683978,10.7746695,119.4877329,44.00339109,173.6855548,35.48101978,315.548907,64.11913221
8.377721904,9.687998478,7.497457671,1.7714153,31.46503812,11.73533281,125.7305674,46.96841623,191.0497809,39.49239319,354.5316884,71.14543328
5.331452243,8.222168742,7.676746024,1.829250356,32.2743281,11.3153713,126.486448,47.98074694,191.0141945,39.93118074,356.8087913,72.3963388
3.12273229,0.411011102,0.864996599,0.208014481,5.623280938,2.361360908,29.57292465,12.68105774,56.66881346,13.33684521,123.6129169,28.1118232
10.6704091,5.305246803,7.01059152,1.286019581,29.44914854,10.44133737,109.6480458,42.01439104,168.4254928,34.79499907,292.6886936,65.82388201
13.48070023,2.399415198,1.414615963,0.323993048,3.39606934,1.036298726,13.48303721,5.681078977,29.27809227,8.396496943,84.97373706,22.09734142
9.789814969,1.085585592,0.800445297,0.19496455,3.277467037,1.15566459,16.45913032,7.046861786,37.95308257,10.91259671,112.8484009,30.45796677
11.07809156,1.293144992,2.44001912,0.345497798,16.3017126,6.434763851,76.40546731,32.21780634,147.3636173,33.33788008,287.1932435,69.09147771
35.180279,6.269577763,9.902906866,1.659775686,38.14792968,11.12617847,111.6034916,39.49083212,156.8171324,31.5186741,265.1100769,56.29829921
8.707010337,0.658412654,1.505075208,0.191943221,9.866659736,4.121134074,53.9416876,22.97509808,105.5526664,23.5579658,208.8996299,50.52630326
9.035330617,1.405127212,2.996462504,0.338033339,17.0203071,6.884132001,83.89339389,34.91131699,158.0683329,34.28241546,301.815541,68.61810305
12.71823019,2.365696073,3.802697526,0.4202908,24.18976872,8.64309785,106.7501038,45.12427952,186.193812,40.04241179,317.5406641,70.89241507
13.12323225,4.613812849,2.7384225,0.420273607,12.643131,3.709728957,46.34024062,16.76435602,71.88170918,15.87333474,133.3398945,28.30197368
10.32328693,0.954445108,0.809282657,0.295114216,9.743623639,3.249889588,38.73744882,17.85800501,72.36092057,17.34103324,145.1771374,33.85335266
10.52312492,1.123215145,2.279068587,0.245700649,14.36832279,5.004381632,60.14386985,23.20620115,96.8692314,21.46760285,183.6618969,40.10065369
3.993958502,1.113333486,2.012374827,0.608409443,11.40609945,4.236356992,53.22776254,21.81083853,94.30191499,22.62678888,210.1155135,49.81647006
9.235400265,0.755617461,1.46492232,0.195836418,9.218103639,3.26915179,40.79190124,17.29170645,74.92180697,16.9480679,153.1282561,34.7976751
5.030174436,0.854434043,1.203638169,0.257878712,7.143729963,2.472371637,31.25817864,12.87138816,55.63562515,12.53641085,111.8357342,25.52732618
18.59032048,8.994240681,10.73608413,0.884716069,44.35252949,15.19479653,177.7547919,69.32992932,292.8851894,59.66422607,488.980501,110.4873625
25.97209102,1.064900978,2.112699482,0.331457507,10.9677849,3.434414242,36.85299912,13.99671492,62.97709305,13.63445109,120.6322322,28.2640366
14.78193422,3.747559891,4.205137993,0.545744381,14.56479233,5.35819215,63.22184067,25.55796689,112.8385838,25.04571059,247.1828581,55.03133363
9.428681078,0.736674677,2.528267474,0.34366919,5.941950481,1.992528495,28.73976224,12.11010069,46.72497996,8.134983989,86.05248062,19.89500383
13.04887504,1.19188374,2.808068388,0.627426467,16.93046142,4.283098147,62.53934177,21.50504825,99.29955362,23.76737525,187.0147669,41.89008774
0.81803307,0.273667426,0.358519989,0.212114,2.667907276,1.1807629,8.953545253,3.07534233,13.20447934,2.713831701,22.12560862,5.398178772
10.12175324,1.124933554,1.730242207,0.266029372,9.818576957,3.338109859,40.61488442,15.46454781,65.85119636,14.4621986,116.9996822,30.88617573
5.75973789,0.61411905,1.859175544,0.256279745,10.45359113,4.188899797,52.3200984,22.84377848,107.1861782,25.57507726,229.6617219,55.44524509
9.878961535,1.918676244,2.955993895,0.219846078,14.87956137,6.189045142,70.63451754,29.56509495,130.1596101,29.1246683,260.6773175,59.29972459
9.47,3.95,5.39,1.36,22.3,6.9,83,30,146,32.9,315,68.5
6.31,1,1.7,0.61,10.4,3.3,49.1,22.1,120,30.3,322,75.8
6.0478335,0.243864464,0.567215176,0.10167659,3.464783754,1.274903932,15.51956246,7.330392519,35.97201507,8.799491583,88.62525992,23.72024399
8.606992238,0.268686,0.503715167,0.119555745,5.790448257,2.160294786,30.77203965,13.33761485,63.53318218,14.78089722,130.1608277,31.68318681
5.747779205,0.595502898,1.090271958,0.196030901,8.954780303,3.849231342,48.74306342,21.13036292,99.57470839,22.39477294,198.5162741,45.96148874
4.906322593,1.031377639,1.525309513,0.263211028,8.366394153,3.005934124,32.2839331,12.51902642,51.85531062,10.93144947,95.18874982,21.35576488
5.130276162,0.937940246,2.255529869,0.320438544,15.12728496,6.13623729,75.73775412,33.25697301,158.867711,34.73003911,323.0839634,75.71780051
7.646852195,0.673226122,0.945095167,0.204110031,8.330889763,3.546408424,43.53126742,18.16352103,84.1595109,17.93857069,160.7828914,37.11083809
7.00169655,1.814858963,1.772227467,0.284846377,11.48025692,4.721448456,58.51278231,26.55020432,123.538874,27.27646706,243.7988421,57.80509537
1.833278984,0.397816432,0.726154277,0.209596221,4.28430123,1.901628386,23.42762596,10.63375834,50.3008995,12.18255562,124.036594,32.98108899
4.036170667,0.163125138,0.442680089,0.146042557,3.059743592,1.208904212,15.9514226,7.186509838,34.49108018,8.984347205,85.98633259,21.25463299
7.241944804,0.412341832,0.761091889,0.116924019,5.919716864,2.644565631,34.20105075,15.10805781,65.60399384,14.81797679,130.0247555,29.40539349
3.340115931,0.433523471,1.066018708,0.140566342,4.970006314,2.176694539,23.54583488,10.95345533,54.09102664,13.98530696,138.6894222,38.45025845
6.78696033,0.886516797,1.188293351,0.133978879,6.415765148,2.803842358,35.61499535,14.48667032,61.34615689,13.85557175,126.7257148,28.51408197
3.040548525,0.190988115,0.883282295,0.144721512,7.279154645,3.581143394,42.53556169,18.30174425,81.78144043,17.77428542,165.6458602,36.78136991
2.804157096,0.126031409,1.37758936,0.073545081,10.69741743,4.702649778,63.85024768,28.34927214,135.5205933,32.23378634,302.8226635,73.71220208
2.714299003,0.302979683,0.980899344,0.088636859,9.710341598,4.4248808,55.84729709,26.45562926,122.2489447,28.74100735,262.2100952,65.08820449
29.94322845,1.717904662,3.411627143,0.78530995,23.19299145,9.879131922,117.4426033,50.94137543,236.8789431,53.49795576,478.4776468,118.5058108
18.48953451,1.271465345,2.054174896,0.302422216,8.859055512,3.266130153,41.47778506,17.07936356,80.6102029,17.18080261,148.3533928,37.13082853
12.48218891,4.867653561,8.644759812,0.461041908,39.74050646,14.29341318,155.0343825,60.64952088,251.6975306,51.37019674,419.9851473,90.7135322
54.13623504,9.106128394,8.599768497,0.940510296,36.84888831,16.7471244,209.7732892,89.10372393,387.03092,83.22305033,696.6251846,156.3359261
3.178984441,0.377430131,0.501074703,0.113655284,2.823810236,1.209401178,15.44256088,6.032661233,29.75368465,6.694901833,63.23688293,14.96929933
4.866651181,0.36740645,1.028372914,0.407662108,7.584525173,3.464016952,46.13490428,20.38680591,98.55999063,23.95460706,221.6395318,54.3759023
27.78105153,4.647903638,3.78955419,0.645686628,12.86275895,4.897045176,54.07940176,20.23561472,87.89206405,19.51837773,165.8451268,38.89748361
7.515025719,0.5109764,1.157562262,0.218648223,12.42558213,6.021771282,82.38738129,34.6963602,165.1162015,38.21170383,334.0021784,80.41721135
12.17426879,1.384105135,2.758944355,0.388181583,16.19910124,7.046457854,80.69965172,33.82081955,153.7144173,32.78770677,284.868228,70.90003639
14.48072206,2.114062331,6.543413024,0.18048584,38.46631923,14.69509753,168.6580023,67.44521831,289.4790845,59.77766754,468.404257,110.2389343
18.7845163,1.452880545,2.723285429,0.428115544,23.38860275,9.49755953,114.0042699,45.6317249,196.4238009,41.28121071,349.4735154,84.91602926
6.23413418,0.496230097,0.518515257,0.144304442,4.047179482,1.167830087,15.26665115,6.60294711,31.24466216,8.281188796,84.1426936,21.8583355
4.222209058,0.280389182,0.50865052,0.051141478,4.740282593,2.691256853,48.59110064,29.47979189,155.3926196,36.40125586,331.6686073,78.04828307
3.073945608,0.161737881,1.058404112,0.147882914,9.223987029,4.286492339,55.87969538,25.00202629,113.7087473,25.73220195,228.7433406,55.5718175
16.64489185,3.621557589,5.757855378,0.794625283,28.56276986,7.088834837,84.81457227,34.80180721,153.1711373,34.09099719,298.1564309,70.91047784
7.896984914,0.358678632,0.747293977,0.051114057,5.542841937,2.425299614,30.9587681,14.0745653,70.43119221,16.16517311,144.2429837,32.9598689
29.38223119,3.870682857,3.296577924,0.647016374,11.58889985,4.438580375,55.95645417,24.28989339,116.4369597,26.03105514,225.8782178,55.33371962
5.738534414,0.61876952,1.827932855,0.256261036,9.010323489,4.075695247,47.83439767,20.14268561,93.09859477,20.83697428,180.5277132,41.2127872
10.00912601,0.429553271,1.193555314,0.202881235,6.467615946,2.59832193,33.18831579,13.5535812,59.89330794,13.89436076,124.5720774,29.16452278
11.03995847,0.751621842,1.875495103,0.286085337,9.858340508,4.194015474,51.99942477,21.02769368,96.73952534,21.07814904,181.058113,42.04529537
5.195464317,1.072271171,2.260379734,0.233535365,13.60828588,5.261962447,61.64556728,25.48672352,110.375218,22.59737429,190.5168608,42.97057751
10.73808552,1.094154257,2.260379734,0.273469325,12.30159225,5.085436848,57.80272672,23.36058288,102.5812475,21.0126194,180.7207264,41.32034277
6.408135622,0.4295337,1.079012704,0.062249997,10.12259862,5.150348417,72.74710667,33.18695206,171.0343517,36.22554224,317.6939417,80.16056448
3.42163531,0.416872772,0.770629024,0.063033016,5.44199466,2.279960195,29.95280724,13.20784275,64.16248405,14.61122168,130.56797,31.24816573
18.72507162,1.305951259,2.030577763,0.241952817,9.340927059,3.603622907,41.49734075,18.75369918,79.82915193,16.73163407,152.6869219,38.08307973
8.410232169,1.284068174,2.123687182,0.274252344,11.06576933,3.540852284,39.8427844,15.82542927,64.75293636,13.60887337,106.5573566,24.79977426
19.09665608,6.28590764,6.939568706,1.209728043,36.09069036,17.6650868,194.4094286,76.71864786,311.0277916,62.69802514,504.0777473,108.5571068
4.998395725,1.369304559,2.886120726,0.615497196,24.17138899,14.14623417,171.9432968,70.93220177,294.947719,62.21569689,506.2453792,106.5791928
13.87279661,2.12250367,3.128628853,0.377682166,15.83307693,6.450714634,79.21773822,33.48689616,140.4303823,32.05004645,278.0413913,63.0023133
14.57506074,0.800447463,2.615525501,0.090566016,17.85779853,7.564335349,97.9316977,40.97600793,174.0431392,35.86086462,285.8198165,60.94036156
4.883815788,2.091494389,4.113732486,0.860060201,20.16936854,8.865718884,92.96006937,33.93045471,135.9374208,29.08135191,247.3435653,54.4214396
21.17880762,6.116172629,4.295956106,0.879486193,11.81031607,10.32954248,82.17257393,23.13893651,84.25147304,19.35488373,178.0770673,38.15832155
11.75245177,0.831538347,1.3927091,0.108867345,8.805167168,2.527777035,33.46937714,14.5722453,68.9483787,15.88815759,140.0531547,33.90542447
12.57915217,1.42234675,2.582643043,0.482378035,10.80043644,3.662861374,39.00852154,16.13914457,69.01594203,15.03928453,129.2758513,28.84550231
2.310079365,0.351384114,0.97208766,0.092978929,4.108751866,1.390206445,17.02079171,7.387619641,32.50471827,7.793414299,72.40502984,16.7856373
3.83657981,2.328144164,2.492216284,0.694019097,7.683537302,1.576123773,17.25530248,7.317663032,33.50465556,8.689311799,83.57792474,21.18812092
7.393486011,0.536542162,1.296801931,0.167206663,10.1836334,4.207468936,56.75864175,24.33855773,108.1699055,24.51104574,211.0797036,48.515936
33.70658503,7.442968449,12.44973959,0.837360005,59.17096128,19.88263576,208.7586663,76.43781646,309.2606429,61.58556228,490.2867881,108.7456317
30.07179032,7.849313044,5.738320862,0.957037138,19.36889858,9.079210489,119.0659999,51.99040171,249.5857908,54.5564463,470.3845561,105.5049303
7.028737996,0.572555292,1.50361807,0.172557774,13.62171182,6.291982095,84.22225556,37.32494298,168.5150885,38.30124365,340.3902706,79.12140614
11.06374011,0.759972191,2.181203037,0.206324475,14.92773878,6.697833784,84.28317086,36.47881587,166.4422645,37.65095308,325.9315415,73.64404908
5.984029587,0.671677344,1.383803434,0.223705625,10.09340873,3.3679337,42.47768627,18.21456152,80.80101376,18.06261475,154.2500012,34.60062698
6.292040169,1.426426919,3.030666531,0.500577121,19.90672049,7.156279,86.18786734,35.51458243,146.9154486,32.23778999,282.0220367,62.90361738
5.279301376,0.91803792,1.668099684,0.251515465,11.23291626,4.20298087,51.7823232,21.98779375,97.69792706,22.35468296,191.7967411,45.34316951
4.239457651,0.423276684,0.881660901,0.169967199,4.919018515,1.179497354,12.16801344,4.585573389,17.42289383,3.823981633,34.79861691,9.677415033
13.76780762,1.39406267,2.858233969,0.254361399,17.86117571,6.760867564,83.50346651,33.53055974,147.7125534,31.42538514,274.3551156,59.50921446
13.53405876,1.662388892,3.718853552,0.435206845,23.30119911,9.918343848,127.7917571,53.09553549,245.0710369,54.33279154,471.924042,108.5997858
12.66918799,3.993280182,7.571395582,0.976983327,36.87004809,12.66914213,135.0970421,47.80347625,189.8017108,38.30593401,313.5308218,68.20719434
9.939001355,1.399460037,2.301627129,0.555263905,11.34925817,4.394902954,49.55925664,20.58782344,90.44071545,18.91041485,164.7163213,37.434511
4.516027897,0.313201469,0.751354961,0.20212138,4.690653434,1.984612393,23.89944293,10.00457513,44.67421814,9.937383336,93.71172647,21.14197871
10.73959119,0.743602898,1.990544322,0.227956444,11.81881803,4.985701615,62.7036966,27.00528035,120.2963462,25.99501323,228.6735752,51.82880961
6.45029968,4.789777272,7.809206819,1.206079553,38.30925719,14.99016344,184.712103,74.48550121,327.5017051,70.34093165,583.4577034,125.6165264
7.177052885,0.392367707,0.586942658,0.122224964,4.255198616,1.297396582,15.90266952,6.670268491,30.78901169,7.658523313,71.27495251,17.35578521
10.05129456,1.26353469,1.835480588,0.186456018,16.57004023,7.333189401,95.59986299,41.91092831,191.3903076,44.32911122,388.4758847,86.89515932
17.39317773,13.00826532,14.11876564,0.560654543,53.82078793,17.84214396,206.4764127,75.63599299,280.0556993,55.11380794,410.6140564,82.6252912
25.74443276,6.456675444,7.660007404,1.397021305,40.82982937,15.28636708,171.7208162,68.50861277,275.5481919,56.27558754,461.3309154,97.12741614
2.590539835,0.235644608,0.468309916,0.054916481,3.08732433,1.265377,15.70131449,7.256905942,32.68632113,8.33253156,78.93552797,19.00302471
13.17905702,2.84855266,2.379687329,0.950547185,8.82277684,2.436832928,29.87933447,12.34696252,64.24552774,17.22603584,186.583154,51.54863424
31.60961616,4.120651454,5.496163505,0.959269312,34.68844809,11.28029684,131.1871746,52.87754701,217.1260891,45.33256208,388.5940353,85.18226917
28.50096835,7.253137092,11.17625374,1.65555829,59.73989884,22.52778066,262.9871689,107.8498923,437.3830519,88.2174683,721.7592636,149.5918579
14.52714377,0.901866002,1.777597763,0.182341808,13.38593781,4.532011976,53.88435501,22.51150823,98.21550708,22.49802934,192.5599503,44.09197628
17.21325692,3.486249,4.875681267,0.611700812,23.99276495,8.663217018,97.74473171,38.10740716,156.4497574,33.62499739,295.4794366,65.66186661
29.36400914,5.634774099,7.052250383,0.723163858,28.70146964,9.905031989,113.5589374,43.85224081,187.6800786,39.13789576,326.5366953,73.52113608
12.6210297,6.38280704,7.324158933,1.357435991,30.57966459,7.495128377,76.2605415,27.1993051,115.6839482,26.64447294,226.4645896,55.44046916
6.245222561,5.553109372,6.601153411,1.889228768,30.43770865,9.801329605,106.0457704,39.64949371,165.4963779,35.59032814,300.666642,68.07107476
24.07509209,5.479368209,3.697302404,0.381721678,11.41928949,5.417532512,66.60923634,29.49517592,142.3383695,34.49813965,314.1501042,75.21906238
37.10536415,3.824850665,4.628396598,0.631308929,17.40899612,6.839200292,75.89610102,30.76879124,137.2604797,31.2797379,278.0872405,65.517764
2.49786511,0.535744816,0.661010842,0.111697636,1.885573159,0.648919405,8.198059857,4.594958063,26.9482433,8.124928061,100.1848349,33.91755405
15.80710307,3.25189432,6.709391501,0.684817312,35.60115304,9.914124619,117.1292184,48.01728829,201.7826157,42.36587506,355.8282675,80.56390935
11.73285458,1.042116055,2.298222843,0.209380002,13.051488,5.36402504,68.73935486,28.69820258,132.0030643,28.77444876,255.3544949,57.77092675
